email,password
loadtester001@heartguard.dev,LoadTest#001
loadtester002@heartguard.dev,LoadTest#002
loadtester003@heartguard.dev,LoadTest#003
loadtester004@heartguard.dev,LoadTest#004
loadtester005@heartguard.dev,LoadTest#005
loadtester006@heartguard.dev,LoadTest#006
loadtester007@heartguard.dev,LoadTest#007
loadtester008@heartguard.dev,LoadTest#008
loadtester009@heartguard.dev,LoadTest#009
loadtester010@heartguard.dev,LoadTest#010
loadtester011@heartguard.dev,LoadTest#011
loadtester012@heartguard.dev,LoadTest#012
loadtester013@heartguard.dev,LoadTest#013
loadtester014@heartguard.dev,LoadTest#014
loadtester015@heartguard.dev,LoadTest#015
loadtester016@heartguard.dev,LoadTest#016
loadtester017@heartguard.dev,LoadTest#017
loadtester018@heartguard.dev,LoadTest#018
loadtester019@heartguard.dev,LoadTest#019
loadtester020@heartguard.dev,LoadTest#020
loadtester021@heartguard.dev,LoadTest#021
loadtester022@heartguard.dev,LoadTest#022
loadtester023@heartguard.dev,LoadTest#023
loadtester024@heartguard.dev,LoadTest#024
loadtester025@heartguard.dev,LoadTest#025
loadtester026@heartguard.dev,LoadTest#026
loadtester027@heartguard.dev,LoadTest#027
loadtester028@heartguard.dev,LoadTest#028
loadtester029@heartguard.dev,LoadTest#029
loadtester030@heartguard.dev,LoadTest#030
loadtester031@heartguard.dev,LoadTest#031
loadtester032@heartguard.dev,LoadTest#032
loadtester033@heartguard.dev,LoadTest#033
loadtester034@heartguard.dev,LoadTest#034
loadtester035@heartguard.dev,LoadTest#035
loadtester036@heartguard.dev,LoadTest#036
loadtester037@heartguard.dev,LoadTest#037
loadtester038@heartguard.dev,LoadTest#038
loadtester039@heartguard.dev,LoadTest#039
loadtester040@heartguard.dev,LoadTest#040
loadtester041@heartguard.dev,LoadTest#041
loadtester042@heartguard.dev,LoadTest#042
loadtester043@heartguard.dev,LoadTest#043
loadtester044@heartguard.dev,LoadTest#044
loadtester045@heartguard.dev,LoadTest#045
loadtester046@heartguard.dev,LoadTest#046
loadtester047@heartguard.dev,LoadTest#047
loadtester048@heartguard.dev,LoadTest#048
loadtester049@heartguard.dev,LoadTest#049
loadtester050@heartguard.dev,LoadTest#050
loadtester051@heartguard.dev,LoadTest#051
loadtester052@heartguard.dev,LoadTest#052
loadtester053@heartguard.dev,LoadTest#053
loadtester054@heartguard.dev,LoadTest#054
loadtester055@heartguard.dev,LoadTest#055
loadtester056@heartguard.dev,LoadTest#056
loadtester057@heartguard.dev,LoadTest#057
loadtester058@heartguard.dev,LoadTest#058
loadtester059@heartguard.dev,LoadTest#059
loadtester060@heartguard.dev,LoadTest#060
loadtester061@heartguard.dev,LoadTest#061
loadtester062@heartguard.dev,LoadTest#062
loadtester063@heartguard.dev,LoadTest#063
loadtester064@heartguard.dev,LoadTest#064
loadtester065@heartguard.dev,LoadTest#065
loadtester066@heartguard.dev,LoadTest#066
loadtester067@heartguard.dev,LoadTest#067
loadtester068@heartguard.dev,LoadTest#068
loadtester069@heartguard.dev,LoadTest#069
loadtester070@heartguard.dev,LoadTest#070
loadtester071@heartguard.dev,LoadTest#071
loadtester072@heartguard.dev,LoadTest#072
loadtester073@heartguard.dev,LoadTest#073
loadtester074@heartguard.dev,LoadTest#074
loadtester075@heartguard.dev,LoadTest#075
loadtester076@heartguard.dev,LoadTest#076
loadtester077@heartguard.dev,LoadTest#077
loadtester078@heartguard.dev,LoadTest#078
loadtester079@heartguard.dev,LoadTest#079
loadtester080@heartguard.dev,LoadTest#080
loadtester081@heartguard.dev,LoadTest#081
loadtester082@heartguard.dev,LoadTest#082
loadtester083@heartguard.dev,LoadTest#083
loadtester084@heartguard.dev,LoadTest#084
loadtester085@heartguard.dev,LoadTest#085
loadtester086@heartguard.dev,LoadTest#086
loadtester087@heartguard.dev,LoadTest#087
loadtester088@heartguard.dev,LoadTest#088
loadtester089@heartguard.dev,LoadTest#089
loadtester090@heartguard.dev,LoadTest#090
loadtester091@heartguard.dev,LoadTest#091
loadtester092@heartguard.dev,LoadTest#092
loadtester093@heartguard.dev,LoadTest#093
loadtester094@heartguard.dev,LoadTest#094
loadtester095@heartguard.dev,LoadTest#095
loadtester096@heartguard.dev,LoadTest#096
loadtester097@heartguard.dev,LoadTest#097
loadtester098@heartguard.dev,LoadTest#098
loadtester099@heartguard.dev,LoadTest#099
loadtester100@heartguard.dev,LoadTest#100
loadtester101@heartguard.dev,LoadTest#101
loadtester102@heartguard.dev,LoadTest#102
loadtester103@heartguard.dev,LoadTest#103
loadtester104@heartguard.dev,LoadTest#104
loadtester105@heartguard.dev,LoadTest#105
loadtester106@heartguard.dev,LoadTest#106
loadtester107@heartguard.dev,LoadTest#107
loadtester108@heartguard.dev,LoadTest#108
loadtester109@heartguard.dev,LoadTest#109
loadtester110@heartguard.dev,LoadTest#110
loadtester111@heartguard.dev,LoadTest#111
loadtester112@heartguard.dev,LoadTest#112
loadtester113@heartguard.dev,LoadTest#113
loadtester114@heartguard.dev,LoadTest#114
loadtester115@heartguard.dev,LoadTest#115
loadtester116@heartguard.dev,LoadTest#116
loadtester117@heartguard.dev,LoadTest#117
loadtester118@heartguard.dev,LoadTest#118
loadtester119@heartguard.dev,LoadTest#119
loadtester120@heartguard.dev,LoadTest#120
loadtester121@heartguard.dev,LoadTest#121
loadtester122@heartguard.dev,LoadTest#122
loadtester123@heartguard.dev,LoadTest#123
loadtester124@heartguard.dev,LoadTest#124
loadtester125@heartguard.dev,LoadTest#125
loadtester126@heartguard.dev,LoadTest#126
loadtester127@heartguard.dev,LoadTest#127
loadtester128@heartguard.dev,LoadTest#128
loadtester129@heartguard.dev,LoadTest#129
loadtester130@heartguard.dev,LoadTest#130
loadtester131@heartguard.dev,LoadTest#131
loadtester132@heartguard.dev,LoadTest#132
loadtester133@heartguard.dev,LoadTest#133
loadtester134@heartguard.dev,LoadTest#134
loadtester135@heartguard.dev,LoadTest#135
loadtester136@heartguard.dev,LoadTest#136
loadtester137@heartguard.dev,LoadTest#137
loadtester138@heartguard.dev,LoadTest#138
loadtester139@heartguard.dev,LoadTest#139
loadtester140@heartguard.dev,LoadTest#140
loadtester141@heartguard.dev,LoadTest#141
loadtester142@heartguard.dev,LoadTest#142
loadtester143@heartguard.dev,LoadTest#143
loadtester144@heartguard.dev,LoadTest#144
loadtester145@heartguard.dev,LoadTest#145
loadtester146@heartguard.dev,LoadTest#146
loadtester147@heartguard.dev,LoadTest#147
loadtester148@heartguard.dev,LoadTest#148
loadtester149@heartguard.dev,LoadTest#149
loadtester150@heartguard.dev,LoadTest#150
loadtester151@heartguard.dev,LoadTest#151
loadtester152@heartguard.dev,LoadTest#152
loadtester153@heartguard.dev,LoadTest#153
loadtester154@heartguard.dev,LoadTest#154
loadtester155@heartguard.dev,LoadTest#155
loadtester156@heartguard.dev,LoadTest#156
loadtester157@heartguard.dev,LoadTest#157
loadtester158@heartguard.dev,LoadTest#158
loadtester159@heartguard.dev,LoadTest#159
loadtester160@heartguard.dev,LoadTest#160
loadtester161@heartguard.dev,LoadTest#161
loadtester162@heartguard.dev,LoadTest#162
loadtester163@heartguard.dev,LoadTest#163
loadtester164@heartguard.dev,LoadTest#164
loadtester165@heartguard.dev,LoadTest#165
loadtester166@heartguard.dev,LoadTest#166
loadtester167@heartguard.dev,LoadTest#167
loadtester168@heartguard.dev,LoadTest#168
loadtester169@heartguard.dev,LoadTest#169
loadtester170@heartguard.dev,LoadTest#170
loadtester171@heartguard.dev,LoadTest#171
loadtester172@heartguard.dev,LoadTest#172
loadtester173@heartguard.dev,LoadTest#173
loadtester174@heartguard.dev,LoadTest#174
loadtester175@heartguard.dev,LoadTest#175
loadtester176@heartguard.dev,LoadTest#176
loadtester177@heartguard.dev,LoadTest#177
loadtester178@heartguard.dev,LoadTest#178
loadtester179@heartguard.dev,LoadTest#179
loadtester180@heartguard.dev,LoadTest#180
loadtester181@heartguard.dev,LoadTest#181
loadtester182@heartguard.dev,LoadTest#182
loadtester183@heartguard.dev,LoadTest#183
loadtester184@heartguard.dev,LoadTest#184
loadtester185@heartguard.dev,LoadTest#185
loadtester186@heartguard.dev,LoadTest#186
loadtester187@heartguard.dev,LoadTest#187
loadtester188@heartguard.dev,LoadTest#188
loadtester189@heartguard.dev,LoadTest#189
loadtester190@heartguard.dev,LoadTest#190
loadtester191@heartguard.dev,LoadTest#191
loadtester192@heartguard.dev,LoadTest#192
loadtester193@heartguard.dev,LoadTest#193
loadtester194@heartguard.dev,LoadTest#194
loadtester195@heartguard.dev,LoadTest#195
loadtester196@heartguard.dev,LoadTest#196
loadtester197@heartguard.dev,LoadTest#197
loadtester198@heartguard.dev,LoadTest#198
loadtester199@heartguard.dev,LoadTest#199
loadtester200@heartguard.dev,LoadTest#200
loadtester201@heartguard.dev,LoadTest#201
loadtester202@heartguard.dev,LoadTest#202
loadtester203@heartguard.dev,LoadTest#203
loadtester204@heartguard.dev,LoadTest#204
loadtester205@heartguard.dev,LoadTest#205
loadtester206@heartguard.dev,LoadTest#206
loadtester207@heartguard.dev,LoadTest#207
loadtester208@heartguard.dev,LoadTest#208
loadtester209@heartguard.dev,LoadTest#209
loadtester210@heartguard.dev,LoadTest#210
loadtester211@heartguard.dev,LoadTest#211
loadtester212@heartguard.dev,LoadTest#212
loadtester213@heartguard.dev,LoadTest#213
loadtester214@heartguard.dev,LoadTest#214
loadtester215@heartguard.dev,LoadTest#215
loadtester216@heartguard.dev,LoadTest#216
loadtester217@heartguard.dev,LoadTest#217
loadtester218@heartguard.dev,LoadTest#218
loadtester219@heartguard.dev,LoadTest#219
loadtester220@heartguard.dev,LoadTest#220
loadtester221@heartguard.dev,LoadTest#221
loadtester222@heartguard.dev,LoadTest#222
loadtester223@heartguard.dev,LoadTest#223
loadtester224@heartguard.dev,LoadTest#224
loadtester225@heartguard.dev,LoadTest#225
loadtester226@heartguard.dev,LoadTest#226
loadtester227@heartguard.dev,LoadTest#227
loadtester228@heartguard.dev,LoadTest#228
loadtester229@heartguard.dev,LoadTest#229
loadtester230@heartguard.dev,LoadTest#230
loadtester231@heartguard.dev,LoadTest#231
loadtester232@heartguard.dev,LoadTest#232
loadtester233@heartguard.dev,LoadTest#233
loadtester234@heartguard.dev,LoadTest#234
loadtester235@heartguard.dev,LoadTest#235
loadtester236@heartguard.dev,LoadTest#236
loadtester237@heartguard.dev,LoadTest#237
loadtester238@heartguard.dev,LoadTest#238
loadtester239@heartguard.dev,LoadTest#239
loadtester240@heartguard.dev,LoadTest#240
loadtester241@heartguard.dev,LoadTest#241
loadtester242@heartguard.dev,LoadTest#242
loadtester243@heartguard.dev,LoadTest#243
loadtester244@heartguard.dev,LoadTest#244
loadtester245@heartguard.dev,LoadTest#245
loadtester246@heartguard.dev,LoadTest#246
loadtester247@heartguard.dev,LoadTest#247
loadtester248@heartguard.dev,LoadTest#248
loadtester249@heartguard.dev,LoadTest#249
loadtester250@heartguard.dev,LoadTest#250
loadtester251@heartguard.dev,LoadTest#251
loadtester252@heartguard.dev,LoadTest#252
loadtester253@heartguard.dev,LoadTest#253
loadtester254@heartguard.dev,LoadTest#254
loadtester255@heartguard.dev,LoadTest#255
loadtester256@heartguard.dev,LoadTest#256
loadtester257@heartguard.dev,LoadTest#257
loadtester258@heartguard.dev,LoadTest#258
loadtester259@heartguard.dev,LoadTest#259
loadtester260@heartguard.dev,LoadTest#260
loadtester261@heartguard.dev,LoadTest#261
loadtester262@heartguard.dev,LoadTest#262
loadtester263@heartguard.dev,LoadTest#263
loadtester264@heartguard.dev,LoadTest#264
loadtester265@heartguard.dev,LoadTest#265
loadtester266@heartguard.dev,LoadTest#266
loadtester267@heartguard.dev,LoadTest#267
loadtester268@heartguard.dev,LoadTest#268
loadtester269@heartguard.dev,LoadTest#269
loadtester270@heartguard.dev,LoadTest#270
loadtester271@heartguard.dev,LoadTest#271
loadtester272@heartguard.dev,LoadTest#272
loadtester273@heartguard.dev,LoadTest#273
loadtester274@heartguard.dev,LoadTest#274
loadtester275@heartguard.dev,LoadTest#275
loadtester276@heartguard.dev,LoadTest#276
loadtester277@heartguard.dev,LoadTest#277
loadtester278@heartguard.dev,LoadTest#278
loadtester279@heartguard.dev,LoadTest#279
loadtester280@heartguard.dev,LoadTest#280
loadtester281@heartguard.dev,LoadTest#281
loadtester282@heartguard.dev,LoadTest#282
loadtester283@heartguard.dev,LoadTest#283
loadtester284@heartguard.dev,LoadTest#284
loadtester285@heartguard.dev,LoadTest#285
loadtester286@heartguard.dev,LoadTest#286
loadtester287@heartguard.dev,LoadTest#287
loadtester288@heartguard.dev,LoadTest#288
loadtester289@heartguard.dev,LoadTest#289
loadtester290@heartguard.dev,LoadTest#290
loadtester291@heartguard.dev,LoadTest#291
loadtester292@heartguard.dev,LoadTest#292
loadtester293@heartguard.dev,LoadTest#293
loadtester294@heartguard.dev,LoadTest#294
loadtester295@heartguard.dev,LoadTest#295
loadtester296@heartguard.dev,LoadTest#296
loadtester297@heartguard.dev,LoadTest#297
loadtester298@heartguard.dev,LoadTest#298
loadtester299@heartguard.dev,LoadTest#299
loadtester300@heartguard.dev,LoadTest#300
