username,email,password
michelletodd,jessica58@example.com,(vPd%z1!o8Ed
john47,phillipsrebecca@example.org,21e@VJVs%y4G
andrea82,anitamarshall@example.com,ju5U8p0M295+
nortondavid,helenpage@example.org,N4%I8WqcXPp7
williamscasey,haynessarah@example.net,v+w9gQVw%^#t
wandamays,kandrews@example.org,eKx65YYgm8d^
pbowman,madisoncunningham@example.com,#+4RS_ds)4ZP
iflynn,sheilaalvarado@example.net,^Pi8OH(i#8Ox
chad88,jacobcooper@example.org,_C7g3+AoYW2O
epowell,sanchezdavid@example.com,EJp6Z*4y5B#x
melissa85,maxwelljorge@example.com,*9L%qk&OW4XP
angela76,huffanthony@example.net,PP6qq09f@hdY
floydjoshua,arthurkim@example.org,E4AM%tvy$F#K
colleen47,sarah09@example.net,^8Zl6DYxvzOo
arthurmitchell,dunlapdanielle@example.net,&97lk4JhRFCI
claudia93,ssavage@example.net,N+@0%Nwl(g3%
gilbertdaniel,amanda81@example.net,x4e7+M^k(iok
rogerskevin,npalmer@example.org,$(Wtx4ppd2Si
hkelly,williamphillips@example.org,Zazi1Vqfa6@n
yharvey,jameswise@example.net,^2zPQ%Ea7WuD
jordanreynolds,zlynch@example.net,7zpdLx+W+(Cy
wruiz,jennifer26@example.net,!3MpEqm$q8Wb
bowmanjared,hharvey@example.com,*JW52DNpV!Ov
benjaminfisher,david30@example.com,0_ONS%an3do0
steven25,villarrealwilliam@example.com,78+^Zpen^07W
wgarcia,carriegonzalez@example.com,_vYd6ubB45wL
gonzalezjordan,henryspencer@example.com,VFM0)l7ZN)38
matthewjackson,smithandrea@example.net,#nvHO(+VS1W7
keithgreen,stephaniebrown@example.org,9W)GEoygLD9%
burkechristopher,timothyortiz@example.org,+1jPEVjgP9Xm
mary42,asnyder@example.org,w0p_wJpXvZ9X
michelebradley,morriserica@example.com,+8wk!ovXdyAL
salaspatrick,linkathryn@example.net,6w^T^jVr)9XH
castillobarry,thompsonanthony@example.net,^qvNyKvqR8a_
kathrynacosta,jorge89@example.org,Wos)kmyztl9Z
kimberlywhite,allenpatricia@example.org,!43mLHm)gx7B
mrichardson,richardsonjonathan@example.com,8bn+25HgwQ)_
salazarrobin,timothy53@example.com,*z1wS8VfUsSx
elizabethhoward,susan39@example.org,cSBfXj!O+4rA
bensonrobert,markhodges@example.net,^@6DXeDwtP&A
millerjessica,qwest@example.org,2d9NVL+w9%ka
bondsabrina,allison12@example.org,@ut%cncV3+rD
carterpaul,singletonlinda@example.com,jHe6J2oZXK*J
rachelmcfarland,kemptommy@example.com,Y@4nSjg*pWKz
zramirez,vtownsend@example.org,gc$7Xq5w)&^U
allenmary,joseph24@example.org,$6EbsZLo#Kam
yoderjeffrey,scottconley@example.com,xs_7IK@tl$bq
schmidttammy,kimberly09@example.com,M26Tx@h@)66R
kmurray,shays@example.net,BmRlIdeA%2GN
katienelson,voconnor@example.com,jqa74W3$@6HC
hreed,gibsonjoshua@example.net,+b39N)JrR8$S
mendezdarryl,powens@example.org,Q0(2Od$zEft6
guzmanedward,troybrown@example.org,w6fQrlqi^P%u
evanszachary,jameszhang@example.com,0uP8SHnj)_MT
smithlindsay,timothy62@example.net,#9TXzoUX_t%M
elizabethsalinas,goodmandonna@example.com,U507Wlh)sS&5
markbauer,conwaycrystal@example.net,hm6QmgEI$i^H
robert79,qjackson@example.org,6+T(^Gmi$9n4
morrisdavid,dshelton@example.net,l6WFO0(H_#Ny
alanleon,lunatodd@example.net,_&HT5bIl&Y5W
dmercer,ibaker@example.net,)d9Murx$EK96
sophia51,walter28@example.org,o_7vwHy)x3QN
michael01,andrew78@example.org,!vN6AdUndw%n
gwatson,nrivera@example.net,ku*K8GXjZ**j
davidlozano,garymorgan@example.org,SZm^RQhok*G2
wellskeith,richardvillegas@example.com,c&3BZahQ1)p^
benjaminhebert,hendersonmelissa@example.com,8*TkF1LPzt3O
rjensen,richardhenry@example.com,^E9OQE)u%7#y
hudsonbrandy,matthewbyrd@example.org,_sV9tMRaLj8D
timothyhicks,karljuarez@example.net,Cw86ONBipT)h
alyssaharmon,vlara@example.com,I^cXCVCx_7#L
hodgesjenny,evanskimberly@example.org,_vdmQGRaQV9d
ian96,wardarthur@example.com,wQ1MfAgm_4Mq
qlin,jeremysmith@example.net,KkKY@aRIb#4C
piercemark,lewisbradley@example.net,)e_vCqr5r89@
esellers,wagnerrebecca@example.net,+0DB7_6yzxaL
rwagner,victoria37@example.com,8RF*Fzj)+!x*
alecferguson,gsullivan@example.net,M63f2Ipc#5XB
juanholland,moorenathaniel@example.org,!)7THsoFVlF1
ivanfields,robbinsjohn@example.com,tRWpofgV)B4+
yjohnson,natashagreen@example.net,$^oIHtv&O5Ar
pamela79,ejohnson@example.com,e!^(SxN$Be5f
jacobsjessica,simmonschristopher@example.net,)RWg0eufA1Zt
zweber,gbennett@example.net,75EW$6kv#JQZ
jessicabray,kelseyzuniga@example.com,H)N&enG*qr2W
jonesjames,ucollins@example.net,C2v_GjRjshIW
qvega,patricia00@example.net,&6%YW(ep%7CO
muellereric,perezchristopher@example.org,fteEYGc*)q0k
fcain,jeffreymcconnell@example.net,*k3XH^tsM+r*
sarahstewart,gonzalesdale@example.org,)^5Z4iZ#JM7E
sarah37,fergusondarius@example.com,Z9aBRTrA)6m@
brittany61,hhancock@example.com,^USPrz5r16EY
derekgarcia,alozano@example.net,(XZt^Ifd*g6+
michael08,carlos11@example.net,B&WxRAkqXZr3
tbaker,ftorres@example.org,!!oVAoRh!F0X
nphelps,smithjoseph@example.org,B8EPvk*u@y)Z
qcunningham,tgutierrez@example.com,)7aJFFHfSYmO
dixonvirginia,ktate@example.net,wxvgH7gY(&71
ijones,lbrennan@example.org,*5dnK3cu#PhV
kimbell,beth62@example.org,%8Cr2qG#_xll
robertrodriguez,paul78@example.org,&oc)rjIo0tH&
matthewmoss,fyoung@example.org,WbHr5Ov!!Q2i
katherinewebb,jacquelinemcintosh@example.com,P2@9PEezX1be
ralph51,curtismurphy@example.net,@5Dkc)_16m5V
edwardmartin,jeffrey79@example.org,)2VFQkJC(2*e
marissanichols,emily05@example.org,w+pSbXZo$2xT
phillipstonya,rebeccalewis@example.com,P)8q9E13Mleu
thomaswilkins,meagangray@example.com,m_pO5LYa!8FR
pwells,smithlance@example.org,G9F*^qiP)sbd
jeffrey30,roblesjames@example.org,*7ODTubm%7Lx
james71,heidi17@example.com,@!Ry4v(ID8PO
rosariohannah,brandon08@example.org,9%HsgotQ%XQ0
chad74,andrewpage@example.com,fTZx5sJp*%()
wmoore,kristy97@example.net,)gtZKbw4JN70
lisawalter,castillojustin@example.com,V1Awd!4p$+Dm
cathy01,davidwillis@example.net,@iRiRaj*G9@3
warrenrodney,katherinesummers@example.org,(Y5sXw1%&_c(
barmstrong,ppope@example.com,y66wI6eS(zQ#
watsonjerry,vincent08@example.net,C754LKf5$t*V
danielle69,zmoore@example.com,2_MPR6PmRbnt
xnichols,qlowery@example.com,D^JOGQbv+!F7
trujilloroger,benjamin75@example.org,57b%tqn4047F
hansenchristopher,katherinehampton@example.org,Z8Gv5ft($Vd2
mary97,john78@example.org,(rIJ1R+P*mO6
robertsonbethany,qnichols@example.com,gZX5GtT8j%3v
brianhahn,marilyn77@example.net,&^nX#Erx7l9g
pamelamcbride,fhouston@example.com,(9N*szk@7*+#
gabriel04,wedwards@example.net,_w3nsERhXag0
martinsarah,william30@example.com,^XtWS0Gk09zv
tgreen,schwartzmichael@example.com,*NVjAWNFb9Fc
jacquelinethompson,donald50@example.org,8PcxwFse)5Ud
karen60,schneidercarl@example.com,44)0Kt*E%E_^
ericksonlori,hannah70@example.net,dKHDklNh)6Q%
rsantos,timothy45@example.org,3v8+w!BNoAXQ
smithkimberly,michaelwells@example.net,sp1E2yJXnS(^
nashkaren,tmurray@example.org,!!$y!OKye4ec
willispaul,loganweber@example.com,+873u8xR(YuE
wayneramos,mwilson@example.com,(j_zdkFs4wDC
mark72,josephjoyce@example.org,Ks_5sBSuKJsw
edwinhart,jacksontricia@example.net,V^MH@xb$_7Cf
robert39,louisfreeman@example.org,+6k4Z3gmAy&u
christy68,shawn17@example.com,J#(52fyn1Xz$
jillian79,dominiquestrickland@example.net,C_3P&C_m#1ND
kyle53,salinasjohn@example.net,wn!7OIOp&6Ds
anthony84,davidfisher@example.net,p3KeKKve%Dnx
ygrant,stephanie74@example.com,DX5RTeoO+(Ig
yjohnson,larrythomas@example.org,dvpEmuU0$4_K
davidcox,galvarado@example.org,$cVjUip1x0g2
mkelley,nancy78@example.net,4NN(4Pbh3VZp
annpalmer,mhuffman@example.com,*f57pUsYitN1
kristennichols,tracymorrow@example.org,0!p3G#mh+X%3
charlesparks,bjohnson@example.com,I&G8Zr0lQi9p
umartin,qsmith@example.net,_r7ZOqc&*g4Z
castillomadison,joe69@example.net,d2pImNfE#ZF&
mark11,ykelley@example.org,Pg3_3PjNA@*z
grantmonique,ashley20@example.net,8aGHv*Aj*JdD
barbarawalsh,paulharris@example.com,Fp+9dMOe7NI6
keithmitchell,desiree35@example.com,#22F4RHe$4TJ
fatkins,timothy68@example.com,_J87wT!pmV$R
wadejesse,teresagraham@example.com,@_ze9C%n@h(r
amanda89,robertscody@example.net,OX1#2lu7$&Ei
vargaskevin,sanfordmichelle@example.net,*rkQrvEo30qC
gary16,lucerokristie@example.net,+6vIF5r2^fXt
bgreen,martinezdavid@example.net,#inubd7xN1TF
claytonlaura,robert42@example.org,)3)^G2qj9S%S
heather66,tara17@example.net,^QmKcvK#!6y*
xpayne,anthony23@example.com,c$vPudJh^u7J
newtonamy,tamara49@example.net,4o04tklF)k4X
allisondavid,wheelermary@example.com,*rg1ppEu96Py
jimenezchristine,anthony28@example.org,@9XAwp$rE(Jd
morganpitts,vsmith@example.com,2G%M6Nv_!tMd
jennifer37,sara86@example.com,%$_7Aoee&v6I
kerry71,corey81@example.org,X14zrmAE*pY)
joshua37,vsanchez@example.org,j@^Wx&ImFo52
williamsmichael,james56@example.net,!*LqVMajK7JO
ischroeder,udominguez@example.com,+f_pe98%M99R
zlam,mbooth@example.org,GgUrWJgNs_o9
hollowayjeffrey,martinkristin@example.org,I!5K1Wsv@Ice
huntpatrick,esmith@example.org,jio%ZoU+_N2)
powersnathaniel,keithpoole@example.net,z1LgEw4R$M4J
shelbybell,woodsarah@example.net,T!mBeuzTs!2#
estesrobert,martin55@example.net,gGGQpQm2$1Sd
benjamin23,kayla96@example.net,CqoUQ$g)^8LN
cassidy60,ashley85@example.org,#qp5+yXm3A3E
jeff78,amandaburgess@example.org,$@PX(hrtB0Cz
chavezrobin,david76@example.com,fSh^1FQe$@45
vmiller,samuel88@example.net,^1@JAVj_d6M7
joe73,campbellchristopher@example.com,r79#gWg!@vHI
dudleysara,pfigueroa@example.org,gmP6D(CdG!u$
jwells,joseph73@example.com,0!W4WPg&QFQK
margaretgaines,mccluretravis@example.net,MF7UBeaIo_6D
shannon86,ihess@example.org,&9LIdQvUt^yK
katherineyoung,jasminjones@example.com,WO_9Rkg)i(Oe
hendrickskimberly,xthompson@example.com,F!33KNsW^RB1
longdebbie,ustephens@example.com,)(slravZR$5J
karenpena,peter35@example.com,5yA^93&TyD&z
frankwatson,lauren98@example.org,1QzpV+n6$m9N
masonbrittany,smithwilliam@example.net,&uQ6pld8y6bw
benjaminneal,robertsoncaitlin@example.com,om*hOtgp7YD6
nguyendawn,virginiagordon@example.net,ek)$K1Lu&3$n
zmarshall,james69@example.net,_+0cL7HbN0AM
bensonapril,sstevens@example.com,^1MBtnz2p1pb
opayne,heatherlee@example.org,e+_E+QJmpn24
harrisonlindsey,aaron31@example.net,@R6TxerrNKOS
dianethomas,cynthiagreene@example.com,8V%LUwrM%fCt
harriskayla,lebrian@example.org,#5AfQKAd#4fF
ymartin,jennifer28@example.org,*OtNd5iV&2Er
zlewis,troman@example.net,F8(EVde4dx2*
stephaniehall,wcook@example.com,68W(Dfwj)ejI
taylorelizabeth,coxkathleen@example.org,)65Hx%MuYl^Q
brenda35,anthony93@example.org,ZDN7c1IS*1sN
robinsoncharles,mollynguyen@example.com,(00(luBpL2DP
gregory41,swhite@example.net,8_Crf+rh*Hma
mellis,caseysilva@example.net,S)5tv&QfZEVw
rachel17,nashjames@example.org,9P@3ZFs^X+0)
schoi,scase@example.org,z(6sUOJc7_9Y
thomasmichael,lloydblake@example.com,7Q8GSlDHl(@0
james52,katherine73@example.org,gNkN7ZtfyR)o
jennifer77,rossjennifer@example.org,vo5vXrIW+_De
copelandmatthew,judithroberts@example.net,)G50PxUSGV6d
jonesmary,kelly32@example.net,G#9ZQmiX@5V6
nicholasevans,ryancook@example.org,DL2UYxBu$PD3
christina28,megan05@example.com,)*3dSm(yxQMR
suzanne72,nwoods@example.net,IkLG8EUeG2Y_
matthewmcknight,rachel58@example.org,5TcIVWgj&eWP
reillywhitney,david59@example.com,K%+)^4zxk@4C
joshuablack,scase@example.org,L0oGeBqc_)y*
pottsnicole,anthony86@example.net,W+kMdA7qEC7P
johnstonjulie,burgessjeffery@example.com,Q2L0&E@xD2)1
rachelharper,imurphy@example.net,%8#_Eb8@baYw
courtney76,martinezmario@example.com,4WWil50^u5)D
bethwatts,khayes@example.com,Yc8HANs*3^^*
robinsonkevin,parkjohn@example.net,(0Ui8Kvjm#Q(
erin41,victor36@example.com,A&0^QNr*Vjtw
ramirezkatherine,barneskatherine@example.com,^1NZtIlCl8EI
lgonzalez,jharris@example.com,(+0%DzZ!4OxL
brian94,stacydavidson@example.com,&0EyPiO^lJ%Q
karapham,alexander82@example.com,1_etweHz(0Yk
zmartinez,jimmy03@example.org,PgRzkVLH+7^(
jeffreywilliams,palmerchelsea@example.net,nM4^AFYglqj9
brittanyacosta,raymondjackson@example.org,$2toe0z@_sjP
vmoyer,rdodson@example.com,bHj!L*ck$HM6
hugheslori,xmartinez@example.net,39Z@VDih_3!B
acabrera,norman94@example.org,Yle(chfR#s0W
stephaniegraves,stephanie47@example.org,%X8N8sBpZt71
andrew99,stephenssylvia@example.net,R*3NBDFzhd27
amandaharris,browndeborah@example.net,om5lfqnZf*Y(
michael13,sanchezchristopher@example.com,h@8X0SXl^#fq
romerojennifer,julie59@example.com,+)7VuccHWxKL
scottalison,marychavez@example.org,h+i3qG)vAA4K
patricia96,sjohnson@example.net,*+_2TfjOw@50
vcox,jose61@example.net,(6$UVbe%05tO
vcochran,ylewis@example.org,tm!H6DRy^LV_
derek73,xflowers@example.net,7(9EI3_xI^)7
kayla25,daniel00@example.org,_)C$x@A(97NQ
nfreeman,dward@example.org,(dCGV6N96l%M
pbrooks,tsmith@example.net,PS$UQEIztkW4
martintim,jimmyhubbard@example.com,)4A8@DbhVRAT
heather45,clinton71@example.com,C7*%5Ulp3+gz
kimberlythomas,stephanierodriguez@example.org,$Es!ruZA6KNZ
nicholasanderson,austincooper@example.com,iDh*7Qzry9OA
kevingamble,ebryant@example.org,f3j^Cs5U_UyS
michellecollins,qgaines@example.net,A#1bD0xUo#zE
terrymelanie,lindastewart@example.org,Gq30m7mp@DGA
landrylinda,johnsonsamantha@example.com,+bEF$Rvyj66F
samuelbrown,kmcknight@example.org,%8QQMJ4c1*4u
jerryjones,donnamelendez@example.org,(%BluW0Tf0Qj
royalbert,sandy94@example.net,M!x%KXCg)tB4
fitzgeraldkara,wilsonsandra@example.org,7gpFf$_q+jMQ
uharding,aanderson@example.com,&)7Al_kkUxO!
barryerica,romerostacey@example.com,0t)8y#J_)i8M
cameronclark,potterjenny@example.net,&VE*ifZ68_rj
nhill,wilsonamy@example.org,*9XFcjTy@8)9
dwilson,wmora@example.org,WR1wzgmD(aNe
kimberlymartinez,jgray@example.com,@$_RRAxCni1f
lwoods,tuckersergio@example.net,#%a@lbGA2^UF
shannon92,diane66@example.com,_fzR!cSle15%
kleinjennifer,nancylivingston@example.org,usBpIjiu)0Z(
davidwilson,sara73@example.org,95p9Wor6&IQN
hollandtim,dstevens@example.net,4*2tD!qa@@MZ
xgreen,karnold@example.net,&bzKJDEF14Oy
nwalker,denisegutierrez@example.com,t_4Vq7Nm!S57
brenda60,michael97@example.org,*tyTwhfp&3*8
alyssa44,dmccormick@example.com,#n9LoSst%(4M
roseamy,sarabrown@example.org,9EuNfi47+p7#
paul74,cfox@example.com,icW$9OKn)_Jn
hectorwilliams,gordondonald@example.com,#a7gWJ@vV^40
rachelmitchell,kathleendrake@example.com,ki^K8eOiL&41
vickihardy,ryan11@example.net,1WZup&kW@sS+
ftaylor,rbennett@example.org,vo%2s&eaA+6D
vancekatherine,richard81@example.com,opiV3zFv+#%z
jose74,allisonschneider@example.org,t%LMG#9r)3u*
moraleschristopher,melissadavis@example.com,dv0UEOc(F^rG
daniel52,treynolds@example.org,&t7SSzbKLX5W
hoganleah,jacob17@example.com,0o5Ccase)bgZ
danielledurham,pamela93@example.com,*^lFwUyk7P1v
murphyjoshua,johnsoncarrie@example.net,8ec3fidg*^GS
veronica95,moyermichael@example.com,%r5M+ZVanO7)
johnathan66,gcruz@example.net,!jB*(cvO54oa
paulacisneros,iduke@example.com,^jJViaKid8KY
