email,password,username
ashleyjones@example.net,*l9MsbmbZm6T,joelbishop893
alexandraharrison@example.net,9JG%0XouFgc0,vspencer49
lawrence83@example.com,$0saVZEvapp&,wbaird303
christine51@example.com,6aws6AjoSL&8,mcguiresabrina993
pmurphy@example.com,9gp4++LL&rLY,david03538
dwells@example.org,h8j%RJjr%vkU,kevin13276
shawn16@example.net,tp6gGHRzE+0g,jessica01877
ofisher@example.net,xqZL3nWj&@05,timothypeters461
thompsondaniel@example.net,0P7XotIl^@5V,james77723
james54@example.org,dym(NW9ySaF0,joannemurphy98
jamesbaldwin@example.net,6$0oJlQSKVDX,joshuamiles235
uedwards@example.com,*%0U+byuYyl!,jessicaanderson429
lopezgeoffrey@example.com,x@wz%hi7+4F%,anthony90829
angela28@example.org,EY@!LAjl0H1B,rosehamilton953
haroldwalker@example.com,@wiYKUaj5@tP,fosterallen713
devinhoover@example.org,T^$WmaT4QZ3K,dianegonzalez595
jjohnson@example.net,TpV4YkU7M@Uy,lori98742
mary44@example.org,3+Q2kCyzY+3M,benjamindavis269
william61@example.com,6#9Pa5z4IbOE,johnchristensen106
rodgersdesiree@example.net,y&xefdLgoV5B,fhenry925
jamie40@example.org,Y%(CB6^joRIo,jason29809
johnford@example.net,Z4liif91$lMR,rfischer32
bakertravis@example.org,^85aZLG+rYRB,patellaurie577
ebryant@example.net,6lfzJ#vT)U*D,krista93624
fisherstephanie@example.com,*8!HvDaiysVl,gloriamartinez101
leah45@example.com,#HQudgxc&8OA,gregoryavery487
leslie55@example.org,^5hXKRQb2CY4,qsmith187
matthewwebster@example.com,(K#2Wm!PVW2P,glennsuzanne958
lsharp@example.com,^GFJaPf(u#2p,amanda27917
angela90@example.org,(Yz7fcFv)1KT,alexandria02735
melinda61@example.org,*9)+sxq8ELNO,ocarpenter592
hectorcruz@example.org,*!h&Qhi$*Q2j,nanderson848
bellmichael@example.org,M_^PNtP9er1e,mgoodwin931
austinhood@example.com,p5$Mr3CcIhnP,arthurburgess63
ryan61@example.com,rdG7IVGlJf)t,jmoore462
storres@example.org,Ym8QKM&u+o(),zmeyers701
alvaradoterri@example.net,QmWEhh)Y)8iY,tbradley300
cantunina@example.com,)7ZyKtTFa3KX,jennifer25349
joannaleblanc@example.com,_a%4MWoA1Wn5,yroberts277
sgonzalez@example.com,qd0Nfk#q*m2y,mary30841
nicholasmorris@example.net,#yXFeoWx+46S,williamsoncynthia423
michelleweaver@example.com,Ajr#eq^@rc5Z,nvalentine66
cmills@example.net,(@sUi&wY7&0N,andrew2030
marcusjohnson@example.org,_)KCpImiK47f,plara29
jacob15@example.org,bPPz^IEb@+1@,osmith499
ekirk@example.net,*DQFycyn1Svj,gmcdowell916
jennifer19@example.net,!L@3!4Kdmn7E,michelleowens3
stewartjames@example.com,#*5fTLft8WdA,debbiesawyer308
virginiabennett@example.org,372*yYYf+Y8z,robert36127
alexstrong@example.net,V0Dj4BYo%7Y0,angela26756
brownvanessa@example.org,2nZSGS%p(mV3,erin38724
johnsonbethany@example.com,C+h7D3QvvJrP,jeffdiaz735
fblack@example.com,(Jg8vL$9KEdK,austinkari430
ajames@example.org,)9AvXfXcV1pp,sanchezwilliam198
hayesmichael@example.org,_f*TV#ccK&6K,cookheather701
peterparker@example.com,@piE5KowhnHw,nicholasmiller434
jennifermartinez@example.com,!XNTCO^jij2k,michelle23560
qreyes@example.org,ILlJfVsEt@5),proctorstephen757
ian75@example.com,4I61RVh2!HGk,david29586
hobbsjuan@example.org,#9WVCu&_&30E,williscorey536
kingsteven@example.org,Q(g&0UcocSzr,iibarra863
barryscott@example.net,@UW445Kr%*(d,monicashaw416
gwolfe@example.org,&99Dugl43WKS,christopherquinn509
uabbott@example.com,3^QTXvfyJ38j,yuemily777
janet32@example.com,!*SBbUTm@73E,johnsonsophia889
john73@example.org,oT3FJFb7!YNW,psmith844
imurray@example.net,i*l#KEEx_W8D,rhonda09698
hhughes@example.com,#*91J&y_T)^u,tlarson992
carl98@example.org,f5M^8F7g*uUa,carolyngonzalez384
pattersonadrian@example.net,*AN%pFdKi4PD,greennicole589
wilsoncarrie@example.com,*(z5IifuM%9e,ryanjeremy667
vazquezjulie@example.org,$X1gCoyai_6D,qrivera348
patrick12@example.net,BZPPvOhqB_3U,sabrinarocha959
reginald48@example.net,f+1Wi9KUKhJC,wcampbell989
william89@example.org,EQF7OXkjr$$x,finleystephanie449
sandra35@example.net,%pAvG@Sql9LP,williamsdouglas209
mcknightpeter@example.net,6&1YWCx*dTBc,owalker683
johnsonemily@example.org,+jUEVQy%$@9P,tylerneal459
kjacobs@example.net,#_(8XTca+*JF,sconway230
andrew93@example.com,$H4V1opFF(%s,barrywilkerson562
schneidermelissa@example.net,&75jMoD$(wdQ,jonathanvang357
reedelizabeth@example.com,1kThB&iUm9S_,cynthiasantiago730
kathleenedwards@example.com,x#2Xz$pOLrO5,ryan6567
lbrooks@example.com,C!Tf4WBlSF1m,teresa80267
tyler96@example.net,MDQ)Mva_^E4Y,jillstevens494
johnsonjames@example.com,i2M6KWkO&^Lz,juan41318
dstewart@example.net,87XB4D%b(nWc,lvargas79
maria21@example.org,$r*d8lDFp8OO,gina94560
amy12@example.org,D^0a+XptWD3_,richardjones109
shelby91@example.com,(Ju1T7+rYW@X,thomas99948
robertarose@example.net,J+9WSqwphg9f,pricebarbara597
kristigalloway@example.net,y%7$Jbpy#k2w,bethbaker232
hcohen@example.net,d(4H%1nf62*X,valeriemitchell246
michele35@example.com,)6muFkctFqEG,ebaker236
lmayo@example.com,v!yQeX#yZC9t,james24455
blakewade@example.net,2_V9YVLjT!9s,williamskenneth660
richard37@example.com,_iGzJ59vb0CZ,theodore87163
schmittcody@example.com,9F9P6Lpz$^SY,tthomas407
turnerjonathan@example.org,^^!DKCkr52LG,joshua787
steven09@example.org,^5AwIm_ANbUV,jarvisshane247
fruiz@example.org,2)d2KgTsLlno,bmorse327
deannaharris@example.net,Gt3VVa%8G)v7,jonathanparker863
mark14@example.com,K(7lkeTzWCIS,anthonyadams790
charles00@example.com,d$4bmUobu)%E,taylorkelsey402
owhite@example.com,#$%iwL_z*Q%7,daniel01963
sara01@example.org,a_OuSk#fFa5S,robinsonjoseph151
vkim@example.com,#Us6Cgehjrv8,yhill531
mark51@example.org,(3J3DiJ5lx@v,wilkersonjonathan876
dylanwall@example.org,(2ZGIUm2kFs9,rachelgutierrez554
foneal@example.com,o^im8WMZwx8m,juliabrady666
johnortiz@example.com,*7YJh_Wbs&6$,xmiller854
vmartinez@example.com,1jkJr(d+_Z2R,scottclark819
vincentdeborah@example.com,HI35t8Rk#Wlx,natalie74947
samuel21@example.com,#9T**Aim8IH5,rkline898
karencarpenter@example.net,*@tD)!^it2Mz,gentrylisa864
trevinolarry@example.com,#1%I5a(yuL7J,eburns582
ubaxter@example.net,v8UK@2eP_8Zl,rbrown789
james62@example.com,$H$S9o7zX71p,qpatel724
pcarpenter@example.com,+8y6+7IBa9G0,catherineadkins689
crystal79@example.com,zjpKhpX9$@0d,robert64278
gmann@example.org,6dsfHU7^!%S^,heidigibson846
nweiss@example.com,720PG&Qdc^%g,vwilkinson805
wendyturner@example.com,E6skXemD$QY_,matthewguerra682
cardenasandrea@example.net,)1ChsyRmPf3I,castromonique52
awilkerson@example.com,0g)2NZBpPpY6,ncarter988
robert44@example.net,9aP)rjkv(9bP,stevenbanks495
deborahshepherd@example.net,IJJekkmwH(8J,zmoore914
umiller@example.net,1@b59@zWOs8Z,stephanie51936
hhill@example.com,^E1U1GCm$&Rw,perezpaul28
nholloway@example.net,$4^0E+x$DII5,lauraking998
emily49@example.com,^TK9RkyJ@2sn,barbara53640
kharding@example.net,_DiSysZEX8W4,gregorycrosby38
whiteangela@example.net,rt6PoMjn3J#@,njames669
courtneyhicks@example.net,V1ytEn(@l&C0,benjaminjohnson619
anna69@example.org,F&)!Kakh%ug3,chapmanmichelle874
mrodriguez@example.net,#fgHyPsR(6tE,chavezpeter935
davisdaniel@example.com,#9ENaDqK%U7M,baileyphilip113
joshua70@example.net,m(6fCPco^zS6,jenna29293
kgonzalez@example.com,!O2KamT2)050,leetom453
nbates@example.org,+R4YzdvE^LhO,ppowers566
jessica91@example.com,q82mcMUA!XVc,cantujennifer837
sotorobert@example.com,L#7EPjyu7tgd,rossmichael512
tiffanybarnes@example.net,!dk5BalUo!lC,walshbrandon256
wrightrobert@example.org,1t3M#j@S$0DY,othompson294
kimberlywilson@example.com,7CJd$zsL%kSC,michaela25393
mingram@example.net,5hDMykkF*2sD,castropamela247
meganflores@example.org,$$IQkMVDpi9a,ronaldblanchard56
sarahhernandez@example.net,V&1JuN4FJeco,caitlin85285
hday@example.com,jui^7ZxeLZa!,zduran814
cassandralang@example.org,+Gx$JjLh&8V_,wwalker930
timdavis@example.org,FL^8ZhIrqc4!,jondowns142
popenorman@example.com,9*51OoG_CZ@y,fbaldwin417
robinoneill@example.net,$z1JC(2ft4So,lauragrimes808
ahayden@example.com,AQG!ADzI$8cj,jason93622
bnelson@example.com,p#1_JbGbSv4D,lorimartin385
pwillis@example.com,FhI@wq)fC*8r,jessicawoodward169
timothyfuller@example.org,Y%11L$nFY8Zt,carol72529
lpowers@example.net,^0@HRftS4XvW,marshallchelsea385
baileykenneth@example.com,I40QxABqk^%(,trevor63218
colemanlynn@example.org,Ch#7yLcuI_pp,ftorres177
christine89@example.com,dB8^IN!uzP(0,eroberts132
reyesmelissa@example.org,)XFtBk7(fXi0,jacksonmatthew640
ferrellalbert@example.com,%0oCo6PivjST,anthony93137
curtistucker@example.com,#uEdYGUla1it,jenniferwalker867
martinezkevin@example.net,TEF1W^mBL%JJ,tiffany81322
natalie88@example.com,^2BxF!m&017),jesus34925
amber39@example.com,S9#B$5#k&ybL,likelsey941
dixonmark@example.org,#4UBr_@QLDSB,donaldsonregina116
nataliehaynes@example.org,R*wj@1VfxI4),umartin426
ryan12@example.org,RHP$k8Bo#biX,kristinkline790
lisamiller@example.net,!Ga&B9Qe+6@f,stacygilbert679
tarahill@example.net,x^5rA9V9#v^I,laura04478
ghoward@example.org,0FvzJkgc*FxV,zacharygarcia738
rlambert@example.com,E#SJDNrlq57P,dbrown64
heatherpowell@example.org,*dEJrKZ&v03E,cathy39617
stephaniecole@example.net,!3Bl0s9uOWMF,derrickgutierrez27
michael91@example.net,8wb9HVHf)pYF,ymcpherson863
amy22@example.net,L&NsMm8nqJ@e,thomaswilson389
roy95@example.com,@1UIAacSPl^J,pweaver768
kylieburns@example.com,j3*LG84*%MoI,madisoncollins621
ghorn@example.net,df@6xCZyXW(q,alexrodriguez114
osalazar@example.com,!LI%jYlmx8&W,carrie01238
richardjessica@example.org,^w7LIUEr+7Ey,epatterson451
yanderson@example.net,@z23H8mmA&2r,wmoore434
deanna07@example.com,KfMJU(ef@9G$,crystalsullivan978
martinezyolanda@example.com,_3XK%q%lWiKv,alyssa07297
deborahalexander@example.org,!418cAAl3p@3,roblesraymond189
collinsjasmin@example.com,@04^40x930uK,terri51562
kray@example.net,r2+9XkKp1)U*,landrykathleen440
vanessa85@example.net,3wN4oMzTJ&4A,tmoore285
tammy08@example.com,(^93Tqs36L*D,sheryllynch707
jeffreywilliams@example.net,T8r+^um4POFc,xstone553
baileymary@example.com,iI0MR4aP^Qj),patriciadunn269
james29@example.com,$wDYeLNbbpI5,kelleysherry842
jonathon02@example.org,Oql7nxnw&$wM,danielmorse609
angelajames@example.net,N9925CKm(@h8,gmay567
qramirez@example.com,$6Hc+ugoCdqn,alicia29208
oball@example.com,O$RUhsZ&rn1w,joshuaharris665
laurenharmon@example.com,l&46D0ey@r^D,dennisgonzalez611
farrellkevin@example.org,PNDIbxzE&m0o,ronald18631
hayesnathaniel@example.com,W%EOuig+$s8$,kevin49354
moorejeffrey@example.net,_S0sIvp$@lTY,joshuamckinney447
stacy04@example.com,(5MFsRl+S9yD,madisonbarron885
jeremyhunter@example.net,D$Gqr4&Tn&7Y,dquinn21
epatton@example.net,@!USB(bB0H1k,raymondbarnes324
joshua96@example.org,UbZIzN(Q&2&T,jamieallen26
bharding@example.org,xW0^t@nPo&hL,xlittle756
williamzamora@example.net,oa7s6Gqwu_Ym,cdonaldson823
karen12@example.org,__wJQkeb^3eF,watkinskevin466
waltonmichelle@example.net,dpt6GruW_5Fz,crystalatkins23
psanchez@example.net,n2UYP0ln*MgG,yfitzpatrick748
lauragardner@example.com,4x0WymE^c!D8,btaylor367
davidadkins@example.net,IO+%Sn*(Lk0t,lisakim681
kimberlysingh@example.com,!0I7Pn8aJYh$,fperez540
rachelstewart@example.org,rU4^10XmKv)@,mooremichael532
alexander38@example.com,epO0NWdJhzT!,nicholas07997
roserobert@example.com,!7RYMLl!AEgd,markssandra39
slewis@example.com,@@JHSJvmEFx6,susanjones266
william66@example.net,QuhSgM01U&6N,stanleytammy254
youngsean@example.com,&YpGj&buB7BW,amandakoch148
daniel32@example.org,G8E)3%Qk#sj1,tammybradshaw840
jamesbrady@example.net,2v*^J7HpPvB5,brittany63235
barrshannon@example.com,*4wGOu8s+A5^,blanchardkenneth161
aberry@example.net,2lnw3niC+DDm,tgutierrez757
jordanraymond@example.org,9epORYgj*f*0,emartinez522
brittany56@example.org,WK*!B7lTT7T0,brooke5961
michaelbrian@example.com,VoX_i1eF+1RY,bridgetwhite535
garcialori@example.org,_0bV5wrx0Z*b,harrisdiane436
ubartlett@example.com,^h0RGeynOyJs,montgomerymegan263
dreyes@example.com,RoU_HpV(v*65,francis52569
timothydavidson@example.org,%05jbwwt++5W,sanchezdaniel969
cheryl57@example.com,LK7FucFR%CD#,kiara44141
jshort@example.com,_%PovQlk9kw2,patrick28526
campbellpatricia@example.org,F#2zZ!JyzdwV,brookephelps268
drew52@example.org,FwNMTfCy!6M0,qbarker52
mistyyoung@example.org,1B5dIMdR@J0q,gonzalezamy46
vincentamanda@example.com,137ifNY+$SBY,jason78248
gsullivan@example.org,#JXmSQg(Lt9H,hlopez107
jennifer59@example.net,&4CiHR3@K20u,phillip39303
cheyenne75@example.org,(T@g2YtZ8gIS,larsonlinda3
zmorales@example.org,jGo^8QznbGi_,cynthiamathews828
carlosking@example.com,H8zAi4!z$Wc^,vstout943
rbennett@example.org,dU(I81Or@Z0p,matthew83492
mercedesperez@example.org,c1DjhG8q%@BC,dwang97
jonathan00@example.org,c+VETR+tyI8_,lhanson489
joseph20@example.org,@*GFGKgk8C@6,martinezbeverly235
ykennedy@example.org,1@7KXkAw8W$4,carlsonchad795
haledebbie@example.net,)46e86KiCZeB,mark87176
nwarner@example.net,G!48Wt%Q@%UU,clarkjerry745
samanthaowens@example.com,+@z%+6pwv8KG,brandonbates432
owarner@example.net,WJ9_Oc0Sd#5E,melanie24383
steven35@example.org,)GKpuEvy79E%,patrickperez959
danielray@example.com,iS*eJ8Jqjl2D,mperez265
ernesthudson@example.net,Ya8^72HrVc4%,sarahmartin415
hannah78@example.net,h+2$+fCRDnCP,iwilliams875
kjones@example.net,$7d@qoxF&tQi,sgreen61
ericjones@example.net,%Zi#29Ew@3HW,smithlauren288
twilliams@example.com,bTDAtVIa*3)@,woodtrevor349
zjohnson@example.org,HV1mwgQxw*0^,stephen67459
sarahedwards@example.com,u_8411+kxvbV,nataliecaldwell593
luis57@example.net,*_KUlakM7e3q,rubioheather208
millerian@example.com,JUN+7GOqs$M_,brittney50301
bailey22@example.org,z8@2VcAe&5jL,robert50266
nealhenry@example.com,^hIrzofM*8M5,courtneyboyd29
valerie66@example.com,_fl19+Uw%_2_,ddalton334
nterrell@example.net,l%Y&laSeoc8D,catherine04303
justinjuarez@example.com,7AY7^CQy_xiA,ericevans376
charles78@example.net,M7LXaK299P7(,kevin53766
qcolon@example.com,#0vG8NCSt9+g,zcarter155
joelbrooks@example.org,*RhLXZFf!U2D,htaylor502
keithmejia@example.net,3+md^)zn$(G(,qmckenzie275
michelle83@example.org,vrDUxGMKs%9),ureed972
scottwilliam@example.net,F%!Yqct@5k90,stacey882
christinahudson@example.com,&zi0GqR_8$3_,tinarussell913
marymorris@example.com,#0MQmbKxh9h2,mcclureruth848
brownmiguel@example.net,iBbe7Knm_r4M,guerrerokimberly151
pfleming@example.org,aS2ALLdyO*g1,andreaburgess578
mooremarcus@example.org,o+JiTMo2wE(9,afloyd352
ramirezmatthew@example.org,FJ2^tRJr&%VW,luissilva174
philip01@example.net,M%YNVhqIB927,lclark475
halllisa@example.com,h0uGOsls+7Hl,vthompson965
tyler66@example.org,b#*NnsaDAA9W,yvonnecross184
debra63@example.org,@iNiBNo_j4iU,jamespotts466
phillipward@example.net,e%(6_Ix2qh4Y,fsanchez138
marshryan@example.org,A2ZNI_hB&kBq,agreen389
annette01@example.net,1j)f)OStm$88,qwerner888
kylecantu@example.org,L)tC2Hn_DnLY,shortdavid675
gabrielvasquez@example.net,WBKVrner$m6X,prattsarah675
phenry@example.com,$9KHcoUUwAWD,bobby76675
davidbaxter@example.org,Q3R75FUa*(r+,kristiperry164
richard67@example.net,uqa2D$UuKk+p,benjamin18769
colleenhernandez@example.com,WNAUp91f&0z%,candice452
danieldavis@example.org,h$Z5uwt5++2F,pjohnson536
ihill@example.net,Iu6*G%3b+!bv,kirkmcpherson301
brianna98@example.com,@ifZHBQ4y6ZJ,robertbrooks357
laura66@example.com,^TkIvjday3me,alexedwards469
marksingh@example.org,@hT3Ey85L_70,chelsea28172
nparker@example.com,SI3&y_ud8K+P,opugh233
melissamartin@example.com,*4RrZHn3(bD*,qnguyen846
joshuawhite@example.org,J*1(Kag0#CpF,fwilliams270
